

USE `dataBase`;

SET NAMES 'utf8';
set character_set_connection=utf8; 
set names utf8;

INSERT INTO universities (ID, NAME, RATING, CITY) 
VALUES  (1,  'КПИ',   1257, 'Киев'),
        (2,  'КНУ',    608, 'Киев'),
        (3,  'ЛПУ',    593, 'Львов'),
        (4,  'КМА',    588, 'Киев'),
        (5,  'ЛГУ',    556, 'Львов'),
        (6,  'ХАИ',    534, 'Харьков'),
        (7,  'ДПИ',    529, 'Днепр'),
        (8,  'ДНТУ',   501, 'Донецк'),
        (9,  'ХНАДУ',  500, 'Харьков'),
        (10, 'ОНПУ',   496, 'Одесса'),
        (11, 'КНУСА',  483, 'Киев'),
        (12, 'ТНТУ',   441, 'Тернополь'),
        (13, 'ЗДИА',   427, 'Запорожье'),
        (14, 'БНАУ',   399, 'Белая Церковь'),
        (15, 'ХСХА',    45, 'Херсон');

INSERT INTO students (ID,SURNAME,NAME,GENDER,STIPEND,COURSE,CITY,BIRTHDAY,UNIV_ID) 
    VALUES  (1,  'Кабанов' ,    'Виталий' ,  'm', 550, 4,  'Харьков' ,       '1990.12.01' , 2),
            (2,  'Павленко' ,   'Игорь' ,    'm', 600, 1,  'Киев' ,          '1993.06.21' , 5),
            (3,  'Цилюрик' ,    'Тимофей' ,  'm', 600, 4,  'Херсон' ,        '1990.11.05' , 3),
            (4,  'Козьменко' ,  'Игнат' ,    'm', 500, 1,  'Киев' ,          '1994.04.26' , 6),
            (5,  'Ориненко' ,   'Анатолий' , 'm', 450, 4,  'Львов' ,         '1990.09.08' , 4),
            (6,  'Березовский', 'Роман' ,    'm', 750, 2,  'Киев' ,          '1992.03.09' , 1),
            (7,  'Пименчук' ,   'Дмитрий' ,  'm', 800, 1,  'Харьков' ,       '1992.11.20' , 2),
            (8,  'Шуст' ,       'Марина' ,   'f', 750, 1,  'Херсон' ,        '1993.04.21' , 3),
            (9,  'Печальнова' , 'Алина' ,    'f', 500, 2,  'Киев' ,          '1993.02.25' , 6),
            (10, 'Денисенко' ,  'Марк' ,     'm', 500, 3,  'Киев' ,          '1993.06.07' , 1),
            (11, 'Корсунская' , 'Вера' ,     'f', 650, 2,  'Ровно' ,         '1992.07.11' , null),
            (12, 'Чайка' ,      'Ольга' ,    'f', 550, 5,  'Киев' ,          '1990.12.30' , 5),
            (13, 'Кожушко' ,    'Кристина' , 'f', 650, 3,  'Львов' ,         '1991.03.18' , 4),
            (14, 'Федосеева' ,  'Нина' ,     'f', 750, 2,  'Днепр', '1992.05.22' , 7),
            (15, 'Тарара' ,     'Леонид' ,   'm', 900, 4,  'Киев' ,          '1991.05.04' , 6),
            (16, 'Земляний' ,   'Данил' ,    'm', 550, 5,  'Львов' ,         '1988.03.06' , 4),
            (17, 'Осипуков' ,   'Виталий' ,  'm', 500, 1,  'Днепр', '1993.08.10' , 7),
            (18, 'Зевцов' ,     'Андрей' ,   'm', 650, 3,  'Львов' ,         '1991.10.24' , 4),
            (19, 'Бородюк' ,    'Никита' ,   'm', 650, 2,  'Киев' ,          '1990.08.30' , 6),
            (20, 'Миланивская', 'Ольга' ,    'f', 750, 5,  'Киев' ,          '1989.10.22' , 5),
            (21, 'Запорожец',   'Владимир' , 'm', 750, 5,  'Львов' ,         null , 5),
            (22, 'Саенко',      'Сергей',    'm', 950, 1,  'Полтава',        '1993-04-17', 9),
            (23, 'Коваленко',   'Дмитрий',   'm', 650, 1,  'Хмельницкий',    '1993-07-28', 7),
            (24, 'Маруга',      'Ольга',     'f', 850, 4,  'Севастополь',    '1990-08-03', 4),
            (25, 'Михайловская','Светлана',  'f', 600, 2,  'Винница',        '1992-11-18', 13),
            (26, 'Кораблев',    'Станислав', 'm', 750, 2,  'Горловка',       '1992-05-04', 12),
            (27, 'Бородавко',   'Михаил',    'm', 750, 5,  'Кременчуг',      '1989-01-03', 2),
            (28, 'Литвин',      'Олег',      'm', 450, 3,  'Ровно',          '1991-06-10', 14),
            (29, 'Завакевич',   'Василий',   'm', 800, 4,  'Мариуполь',      '1990-11-13', 1),
            (30, 'Забила',      'Алексей',   'm', 450, 3,  'Киев',           '1991-06-21', 13),
            (31, 'Залыева',     'Фатима',    'f', 650, 4,  'Горловка',       '1990-05-18', 3),
            (32, 'Мироненко',   'Евгений',   'm', 450, 2,  'Белая Церковь',  '1992-09-01', 14),
            (33, 'Шелест',      'Юрий',      'm', 450, 2,  'Киев',           '1992-11-08', 4),
            (34, 'Сабатовская', 'Ирина',     'f', 650, 4,  'Одесса',         '1990-02-14', 11),
            (35, 'Ремезов',     'Трофим',    'm', 600, 3,  'Киев',           '1991-07-24', 8),
            (36, 'Винник',      'Артур',     'm', 500, 4,  'Ивано-Франковск','1990-03-04', 8),
            (37, 'Запорожец',   'Виталий',   'm', 350, 5,  'Луцк',           '1989-02-28', 13),
            (38, 'Наталич',     'Вадим',     'm', 600, 3,  'Макеевка',       '1991-05-09', 6),
            (39, 'Богацкий',    'Дмитрий',   'm', 350, 5,  'Черновцы',       '1989-10-12', 12),
            (40, 'Кот',         'Екатерина', 'f', 700, 3,  'Киев',           '1991-04-05', 14),
            (41, 'Денисюк',     'Данил',     'm', 350, 4,  'Херсон',         '1990-01-26', 2),
            (42, 'Гладкий',     'Денис',     'm', 450, 4,  'Ровно',          '1990-12-20', 13),
            (43, 'Рубцова',     'Евгения',   'f', 600, 3,  'Донецк',         '1991-10-10', 11),
            (44, 'Гузенко',     'Александра','f', 500, 1,  'Ровно',          '1993-11-09', 8),
            (45, 'Рудавский',   'Игорь',     'm', 500, 4,  'Винница',        '1990-10-23', 2);

INSERT INTO lecturers (ID,SURNAME,NAME,CITY,UNIV_ID) 
    VALUES  (1,  'Кравчук',    'ЛИ',    'Днепр', 7),
            (2,  'Совва',      'СС',    'Днепр', 7),
            (3,  'Телегин',    'ВИ',    'Харьков',        2),
            (4,  'Осипова',    'ОВ',    'Львов',          4),
            (5,  'Коцюба',     'ВС',    'Киев',           6),
            (6,  'Цыганок',    'ОЮ',    'Киев',           5),
            (7,  'Михно',      'СП',    'Херсон',         3),
            (8,  'Синозацкий', 'АЮ',    'Львов',          4),
            (9,  'Хижна',      'ЛЛ',    'Киев',           1),
            (10, 'Довженко',   'ЛВ',    'Киев',           5),
            (11, 'Вовчок',     'ДВ',    'Киев',           1),
            (12, 'Мельник',    'СФ',    'Херсон',         3),
            (13, 'Нетяга',     'ПМ',    'Киев',           5),
            (14, 'Сулимова',   'ИИ',    'Харьков',        2),
            (15, 'Волосевич',  'ОЮ',    'Киев',           6),
            (16, 'Гинзбург',   'БИ',    'Киев ',          14),
            (17, 'Мороз',      'ВО',    'Львов ',         3),
            (18, 'Красикова',  'ЖА',    'Запорожье ',     2),
            (19, 'Галаненко',  'ДВ',    'Львов ',         5),
            (20, 'Вдовиченко', 'АИ',    'Луцк ',          12),
            (21, 'Булыгина',   'ЛО',    'Луганск ',       4),
            (22, 'Залозная',   'ГМ',    'Симферополь ',   14),
            (23, 'Резниченко', 'ИВ',    'Чернигов ',      15),
            (24, 'Гуголь',     'НЯ',    'Полтава ',       13),
            (25, 'Тетерятник', 'СИ',    'Ровно ',         6);

INSERT INTO subjects (ID,NAME,HOURS,SEMESTER) 
    VALUES  (1, 'Информатика',   34, 1),
            (2, 'Физика',        34, 1),
            (3, 'Математика',    56, 2),
            (4, 'Философия',     34, 4),
            (5, 'Английский',    56, 3),
            (6, 'Физкультура',   34, 5),
            (7, 'Тестирование',  90, 2);

INSERT INTO subj_lect (LECTURER_ID,SUBJ_ID) 
    VALUES (1,6),
            (2,5),
            (3,1),
            (4,2),
            (5,3),
            (6,2),
            (7,3),
            (8,3),
            (9,5),
            (10,3),
            (11,3),
            (12,6),
            (13,4),
            (14,6),
            (15,4),
            (16,1),
            (17,2),
            (18,4),
            (19,5),
            (20,6),
            (21,4),
            (22,4),
            (23,2),
            (24,1),
            (25,5);

INSERT INTO exam_marks (STUDENT_ID,SUBJ_ID,MARK,EXAM_DATE) 
    VALUES  ( 1, 5, 2, '2012-06-03'),
            ( 2, 2, 3, '2012-06-05'),
            ( 2, 5, 4, '2012-06-26'),
            ( 2, 6, 4, '2012-06-10'),
            ( 3, 5, 2, '2012-06-09'),
            ( 3, 3, 4, '2012-06-25'),
            ( 3, 4, 3, '2012-06-08'),
            ( 3, 5, 5, '2012-06-10'),
            ( 4, 2, 5, '2012-06-18'),
            ( 4, 4, 5, '2012-06-08'),
            ( 4, 5, 5, '2012-06-07'),
            ( 5, 1, 4, '2012-06-27'),
            ( 5, 2, 4, '2012-06-08'),
            ( 5, 3, 4, '2012-06-29'),
            ( 5, 6, 4, '2012-06-03'),
            ( 7, 4, 3, '2012-06-07'),
            ( 7, 7, 5, '2012-06-03'),
            ( 8, 1, 4, '2012-06-19'),
            ( 8, 3, 2, '2012-06-12'),
            ( 8, 5, 3, '2012-06-07'),
            ( 9, 2, 5, '2012-06-22'),
            (10, 1, 4, '2012-06-20'),
            (10, 3, 4, '2012-06-09'),
            (11, 2, 4, '2012-06-20'),
            (11, 5, 4, '2012-06-05'),
            (11, 6, 2, '2012-06-10'),
            (12, 3, 4, '2012-06-08'),
            (13, 1, 2, '2012-06-13'),
            (13, 2, 4, '2012-06-21'),
            (13, 3, 2, '2012-06-14'),
            (13, 5, 3, '2012-06-28'),
            (14, 1, 3, '2012-07-01'),
            (14, 3, 2, '2012-06-03'),
            (14, 2, 3, '2012-06-12'),
            (14, 4, 4, '2012-06-08'),
            (14, 5, 3, '2012-06-26'),
            (14, 3, 4, '2012-06-05'),
            (15, 7, 2, '2012-06-12'),
            (15, 5, 3, '2012-06-15'),
            (15, 3, 3, '2012-06-14'),
            (15, 4, 5, '2012-06-08'),
            (15, 5, 2, '2012-06-06'),
            (15, 6, 3, '2012-06-22'),
            (16, 1, 4, '2012-06-07'),
            (16, 3, 4, '2012-06-12'),
            (16, 5, 2, '2012-06-09'),
            (18, 2, 3, '2012-06-27'),
            (18, 3, 4, '2012-06-06'),
            (18, 5, 4, '2012-06-20'),
            (19, 2, 3, '2012-06-06'),
            (19, 3, 5, '2012-06-20'),
            (20, 2, 2, '2012-06-26'),
            (20, 3, 4, '2012-06-16'),
            (20, 4, 3, '2012-06-08'),
            (20, 6, 3, '2012-06-14'),
            (21, 2, 4, '2012-06-26'),
            (21, 3, 4, '2012-06-18'),
            (21, 4, 4, '2012-06-09'),
            (21, 5, 3, '2012-06-13'),
            (21, 6, 2, '2012-06-03'),
            (22, 1, 2, '2012-06-23'),
            (22, 4, 3, '2012-06-06'),
            (22, 7, 3, '2012-06-24'),
            (23, 3, 4, '2012-06-06'),
            (23, 4, 5, '2012-06-29'),
            (23, 5, 5, '2012-06-11'),
            (24, 1, 2, '2012-06-19'),
            (24, 5, 3, '2012-06-09'),
            (25, 1, 4, '2012-06-29'),
            (25, 2, 2, '2012-06-07'),
            (25, 4, 5, '2012-06-08'),
            (25, 5, 4, '2012-06-24'),
            (27, 2, 4, '2012-06-23'),
            (27, 4, 4, '2012-06-09'),
            (27, 5, 5, '2012-06-06'),
            (28, 1, 4, '2012-06-04'),
            (28, 2, 4, '2012-06-19'),
            (28, 3, 4, '2012-06-05'),
            (28, 5, 3, '2012-06-16'),
            (29, 1, 5, '2012-06-14'),
            (29, 3, 4, '2012-06-08'),
            (29, 4, 4, '2012-06-09'),
            (30, 1, 5, '2012-06-24'),
            (30, 2, 5, '2012-06-14'),
            (31, 4, 4, '2012-06-09'),
            (32, 1, 2, '2012-06-11'),
            (32, 5, 2, '2012-06-17'),
            (33, 2, 5, '2012-06-16'),
            (33, 3, 2, '2012-06-12'),
            (33, 5, 2, '2012-06-06'),
            (34, 1, 4, '2012-06-22'),
            (34, 2, 4, '2012-06-19'),
            (34, 3, 2, '2012-06-03'),
            (34, 4, 3, '2012-06-17'),
            (34, 3, 5, '2012-06-19'),
            (35, 1, 5, '2012-06-07'),
            (35, 2, 5, '2012-06-30'),
            (35, 3, 5, '2012-06-20'),
            (35, 5, 4, '2012-06-23'),
            (36, 2, 3, '2012-06-22'),
            (36, 3, 3, '2012-06-10'),
            (36, 6, 3, '2012-06-26'),
            (37, 3, 4, '2012-06-21'),
            (38, 3, 4, '2012-06-19'),
            (38, 5, 3, '2012-06-15'),
            (39, 2, 2, '2012-06-14'),
            (39, 4, 4, '2012-06-27'),
            (39, 6, 4, '2012-06-05'),
            (40, 1, 5, '2012-06-21'),
            (40, 2, 5, '2012-06-18'),
            (40, 3, 4, '2012-06-16'),
            (41, 3, 4, '2012-07-01'),
            (42, 1, 5, '2012-06-16'),
            (42, 6, 3, '2012-06-10'),
            (43, 2, 3, '2012-06-11'),
            (44, 2, 2, '2012-06-29'),
            (44, 4, 4, '2012-06-04'),
            (44, 6, 4, '2012-06-03'),
            (45, 2, 3, '2012-06-22'),
            (45, 5, 3, '2012-06-12');
